variant,accuracy,precision,recall,f1,specificity,fpr,fnr,tp,fp,tn,fn,sample_count
rule_only,0.5,0.0,0.0,0.0,1.0,0.0,1.0,0,0,600,600,1200
hybrid_with_llm,0.515,0.673077,0.058333,0.107362,0.971667,0.028333,0.941667,35,17,583,565,1200
delta(hybrid-rule),0.015,0.673077,0.058333,0.107362,-0.028333,0.028333,-0.058333,35,17,-17,-35,1200
