name,accuracy,precision,recall,f1,specificity,unsafe_pass_rate,risky_block_rate,tp,fp,tn,fn
MedQA-RAG-Proxy (retrieval),0.5025,0.5012531328320802,1.0,0.667779632721202,0.005,0.0,1.0,600.0,597.0,3.0,0.0
MedLLM-Hybrid (ours),0.5025,0.5012531328320802,1.0,0.667779632721202,0.005,0.0,1.0,600.0,597.0,3.0,0.0
BioMistral-7B-Proxy (whitebox),0.365,0.40097799511002447,0.5466666666666666,0.46262341325811,0.18333333333333332,0.4533333333333333,0.16166666666666665,328.0,490.0,110.0,272.0
HuatuoGPT-7B-Proxy (raw),0.5,0.0,0.0,0.0,1.0,1.0,0.0,0.0,0.0,600.0,600.0
