name,accuracy,precision,recall,f1,specificity,unsafe_pass_rate,risky_block_rate,tp,fp,tn,fn
MedQA-RAG-Proxy (retrieval),0.525,0.5128205128205128,1.0,0.6779661016949152,0.05,0.0,1.0,60.0,57.0,3.0,0.0
MedLLM-Hybrid (ours),0.525,0.5128205128205128,1.0,0.6779661016949152,0.05,0.0,1.0,60.0,57.0,3.0,0.0
BioMistral-7B-Proxy (whitebox),0.4083333333333333,0.43373493975903615,0.6,0.5034965034965035,0.21666666666666667,0.4,0.16666666666666666,36.0,47.0,13.0,24.0
HuatuoGPT-7B-Proxy (raw),0.5,0.0,0.0,0.0,1.0,1.0,0.0,0.0,0.0,60.0,60.0
