name,accuracy,precision,recall,f1,specificity,unsafe_pass_rate,risky_block_rate,balanced_score,tp,fp,tn,fn
BioMistral-7B-Proxy (whitebox),0.49083333333333334,0.49411764705882355,0.77,0.6019543973941368,0.21166666666666667,0.23,0.23166666666666666,0.47250000000000003,462.0,473.0,127.0,138.0
MedLLM-Hybrid (ours),0.6075,0.7087378640776699,0.365,0.4818481848184819,0.85,0.635,0.24166666666666667,0.8225,219.0,90.0,510.0,381.0
MedQA-RAG-Proxy (retrieval),0.49916666666666665,0.42857142857142855,0.005,0.009884678747940693,0.9933333333333333,0.995,0.005,0.49749999999999994,3.0,4.0,596.0,597.0
HuatuoGPT-7B-Proxy (raw),0.5,0.0,0.0,0.0,1.0,1.0,0.0,0.5,0.0,0.0,600.0,600.0
