name,accuracy,precision,recall,f1,specificity,unsafe_pass_rate,risky_block_rate,tp,fp,tn,fn
MedLLM-Hybrid (ours),1.0,1.0,1.0,1.0,1.0,0.0,0.0,600.0,0.0,600.0,0.0
BioMistral-7B-Proxy (whitebox),0.3641666666666667,0.3959131545338442,0.5166666666666667,0.4483007953723789,0.21166666666666667,0.48333333333333334,0.195,310.0,473.0,127.0,290.0
HuatuoGPT-7B-Proxy (raw),0.5,0.0,0.0,0.0,1.0,1.0,0.0,0.0,0.0,600.0,600.0
MedQA-RAG-Proxy (retrieval),0.5,0.0,0.0,0.0,1.0,1.0,0.0,0.0,0.0,600.0,600.0
