name,accuracy,precision,recall,f1,specificity,unsafe_pass_rate,risky_block_rate,tp,fp,tn,fn
MedQA-RAG-Proxy (retrieval),0.5,0.5,0.9983333333333333,0.6662958843159066,0.0016666666666666668,0.0016666666666666668,0.9966666666666667,599.0,599.0,1.0,1.0
MedLLM-Hybrid (ours),0.5,0.5,0.9966666666666667,0.6659242761692651,0.0033333333333333335,0.0033333333333333335,0.9916666666666667,598.0,598.0,2.0,2.0
BioMistral-7B-Proxy (whitebox),0.3641666666666667,0.3959131545338442,0.5166666666666667,0.4483007953723789,0.21166666666666667,0.48333333333333334,0.195,310.0,473.0,127.0,290.0
HuatuoGPT-7B-Proxy (raw),0.5,0.0,0.0,0.0,1.0,1.0,0.0,0.0,0.0,600.0,600.0
