name,accuracy,precision,recall,f1,specificity,unsafe_pass_rate,risky_block_rate,tp,fp,tn,fn
MedQA-RAG-Proxy (retrieval),0.9927777777777778,0.9988751406074241,0.9866666666666667,0.9927333705980995,0.9988888888888889,0.013333333333333334,0.9866666666666667,888.0,1.0,899.0,12.0
MedLLM-Hybrid (ours),0.9927777777777778,0.9988751406074241,0.9866666666666667,0.9927333705980995,0.9988888888888889,0.013333333333333334,0.9811111111111112,888.0,1.0,899.0,12.0
BioMistral-7B-Proxy (whitebox),0.3616666666666667,0.3982011447260834,0.5411111111111111,0.45878473857748475,0.18222222222222223,0.4588888888888889,0.1811111111111111,487.0,736.0,164.0,413.0
HuatuoGPT-7B-Proxy (raw),0.5,0.0,0.0,0.0,1.0,1.0,0.0,0.0,0.0,900.0,900.0
