{
  "samples": 1200,
  "llm_used": 500,
  "llm_promotions": 309,
  "rule_only": {
    "variant": "rule_only",
    "accuracy": 0.5,
    "precision": 0.0,
    "recall": 0.0,
    "f1": 0.0,
    "specificity": 1.0,
    "fpr": 0.0,
    "fnr": 1.0,
    "tp": 0,
    "fp": 0,
    "tn": 600,
    "fn": 600,
    "sample_count": 1200
  },
  "hybrid": {
    "variant": "hybrid_with_llm",
    "accuracy": 0.6075,
    "precision": 0.708738,
    "recall": 0.365,
    "f1": 0.481848,
    "specificity": 0.85,
    "fpr": 0.15,
    "fnr": 0.635,
    "tp": 219,
    "fp": 90,
    "tn": 510,
    "fn": 381,
    "sample_count": 1200
  },
  "delta": {
    "accuracy": 0.10750000000000004,
    "precision": 0.7087378640776699,
    "recall": 0.365,
    "f1": 0.4818481848184819,
    "specificity": -0.15000000000000002,
    "fpr": 0.15,
    "fnr": -0.365
  }
}