step,epoch,train_loss,eval_loss
1,1.0,10.734554290771484,
1,1.0,,10.736885070800781
2,2.0,10.734912872314453,
2,2.0,,10.736883163452148
2,2.0,,10.736883163452148
