{
  "train_runtime": 281.1239,
  "train_samples_per_second": 1.138,
  "train_steps_per_second": 0.142,
  "total_flos": 5011671618723840.0,
  "train_loss": 1.8862550735473633,
  "epoch": 0.02002002002002002,
  "final_eval_loss": 1.7270233631134033,
  "final_eval_runtime": 8.2081,
  "final_eval_samples_per_second": 3.899,
  "final_eval_steps_per_second": 3.899,
  "final_epoch": 0.02002002002002002
}