{
  "method": "SIMPO",
  "task": "real_simpo",
  "simulation": false,
  "samples": 15984,
  "global_steps": 20,
  "avg_loss": 0.7147033207118512,
  "avg_delta": 0.07349508255720139,
  "beta": 0.1,
  "target_margin": 0.5,
  "created_at_utc": "2026-02-27T20:33:46.630070+00:00",
  "config": "configs/train/simpo_real.yaml",
  "model_name": "/root/autodl-tmp/models/Qwen2.5-7B-Instruct",
  "save_total_limit": 2,
  "base_score": 0.5,
  "aligned_score": 0.5183655045691168,
  "score_gain": 0.018365504569116786
}