{
  "method": "DPO",
  "task": "real_pref",
  "simulation": false,
  "samples": 64,
  "global_steps": 12,
  "avg_loss": 0.6931569476922353,
  "avg_delta": -0.00019601980845133463,
  "beta": 0.1,
  "target_margin": null,
  "created_at_utc": "2026-02-26T01:22:58.159989+00:00",
  "config": null,
  "model_name": "sshleifer/tiny-gpt2",
  "save_total_limit": 2,
  "base_score": 0.5,
  "aligned_score": 0.4999509950480441,
  "score_gain": -4.900495195592214e-05
}