{
  "method": "KTO",
  "task": "real_pref",
  "simulation": false,
  "samples": 64,
  "global_steps": 12,
  "avg_loss": 0.8329605907201767,
  "avg_delta": -0.0001965165138244629,
  "beta": 0.1,
  "target_margin": null,
  "created_at_utc": "2026-02-26T01:23:47.078998+00:00",
  "config": null,
  "model_name": "sshleifer/tiny-gpt2",
  "save_total_limit": 2,
  "base_score": 0.5,
  "aligned_score": 0.49995087087170204,
  "score_gain": -4.912912829796445e-05
}