{
  "method": "SIMPO",
  "task": "real_pref",
  "simulation": false,
  "samples": 64,
  "global_steps": 12,
  "avg_loss": 0.7184696619709333,
  "avg_delta": -0.00019599994023640951,
  "beta": 0.1,
  "target_margin": 0.5,
  "created_at_utc": "2026-02-26T01:23:24.083802+00:00",
  "config": null,
  "model_name": "sshleifer/tiny-gpt2",
  "save_total_limit": 2,
  "base_score": 0.5,
  "aligned_score": 0.4999510000150978,
  "score_gain": -4.899998490220936e-05
}